Commit 1 on Sun Jan  4 14:59:17 UTC 2026
Commit 2 on Sun Jan  4 14:59:17 UTC 2026
Commit 3 on Sun Jan  4 14:59:18 UTC 2026
Commit 1 on Sun Jan  4 15:06:56 UTC 2026
Commit 2 on Sun Jan  4 15:06:56 UTC 2026
Commit 3 on Sun Jan  4 15:06:57 UTC 2026
Commit 1 on Sun Jan  4 15:13:51 UTC 2026
Commit 2 on Sun Jan  4 15:13:52 UTC 2026
Commit 3 on Sun Jan  4 15:13:52 UTC 2026
Commit 1 on Sun Jan  4 21:08:12 UTC 2026
Commit 2 on Sun Jan  4 21:08:12 UTC 2026
Commit 3 on Sun Jan  4 21:08:13 UTC 2026
Commit 1 on Mon Jan  5 21:09:56 UTC 2026
Commit 2 on Mon Jan  5 21:09:57 UTC 2026
Commit 3 on Mon Jan  5 21:09:58 UTC 2026
Commit 1 on Tue Jan  6 16:22:04 UTC 2026
Commit 2 on Tue Jan  6 16:22:04 UTC 2026
Commit 3 on Tue Jan  6 16:22:05 UTC 2026
Commit 1 on Tue Jan  6 21:09:38 UTC 2026
Commit 2 on Tue Jan  6 21:09:39 UTC 2026
Commit 3 on Tue Jan  6 21:09:39 UTC 2026
Commit 1 on Wed Jan  7 21:10:01 UTC 2026
Commit 2 on Wed Jan  7 21:10:02 UTC 2026
Commit 3 on Wed Jan  7 21:10:03 UTC 2026
Commit 1 on Thu Jan  8 17:50:43 UTC 2026
Commit 2 on Thu Jan  8 17:50:44 UTC 2026
Commit 3 on Thu Jan  8 17:50:44 UTC 2026
Commit 1 on Thu Jan  8 21:10:12 UTC 2026
Commit 2 on Thu Jan  8 21:10:12 UTC 2026
Commit 3 on Thu Jan  8 21:10:13 UTC 2026
Commit 1 on Fri Jan  9 21:09:57 UTC 2026
Commit 2 on Fri Jan  9 21:09:58 UTC 2026
Commit 3 on Fri Jan  9 21:09:59 UTC 2026
Commit 1 on Sat Jan 10 21:07:51 UTC 2026
Commit 2 on Sat Jan 10 21:07:51 UTC 2026
Commit 3 on Sat Jan 10 21:07:52 UTC 2026
Commit 1 on Sun Jan 11 21:08:21 UTC 2026
Commit 2 on Sun Jan 11 21:08:21 UTC 2026
Commit 3 on Sun Jan 11 21:08:22 UTC 2026
Commit 1 on Mon Jan 12 21:09:48 UTC 2026
Commit 2 on Mon Jan 12 21:09:49 UTC 2026
Commit 3 on Mon Jan 12 21:09:49 UTC 2026
Commit 1 on Tue Jan 13 21:10:05 UTC 2026
Commit 2 on Tue Jan 13 21:10:06 UTC 2026
Commit 3 on Tue Jan 13 21:10:06 UTC 2026
Commit 1 on Wed Jan 14 21:10:14 UTC 2026
Commit 2 on Wed Jan 14 21:10:15 UTC 2026
Commit 3 on Wed Jan 14 21:10:15 UTC 2026
Commit 1 on Thu Jan 15 21:10:46 UTC 2026
Commit 2 on Thu Jan 15 21:10:47 UTC 2026
Commit 3 on Thu Jan 15 21:10:48 UTC 2026
Commit 1 on Fri Jan 16 21:09:42 UTC 2026
Commit 2 on Fri Jan 16 21:09:42 UTC 2026
Commit 3 on Fri Jan 16 21:09:43 UTC 2026
Commit 1 on Sat Jan 17 21:07:47 UTC 2026
Commit 2 on Sat Jan 17 21:07:48 UTC 2026
Commit 3 on Sat Jan 17 21:07:48 UTC 2026
Commit 1 on Sun Jan 18 21:08:27 UTC 2026
Commit 2 on Sun Jan 18 21:08:28 UTC 2026
Commit 3 on Sun Jan 18 21:08:29 UTC 2026
Commit 1 on Mon Jan 19 21:09:12 UTC 2026
Commit 2 on Mon Jan 19 21:09:13 UTC 2026
Commit 3 on Mon Jan 19 21:09:13 UTC 2026
Commit 1 on Tue Jan 20 21:11:31 UTC 2026
Commit 2 on Tue Jan 20 21:11:31 UTC 2026
Commit 3 on Tue Jan 20 21:11:32 UTC 2026
Commit 1 on Wed Jan 21 21:18:42 UTC 2026
Commit 2 on Wed Jan 21 21:18:43 UTC 2026
Commit 3 on Wed Jan 21 21:18:43 UTC 2026
Commit 1 on Thu Jan 22 21:12:01 UTC 2026
Commit 2 on Thu Jan 22 21:12:02 UTC 2026
Commit 3 on Thu Jan 22 21:12:02 UTC 2026
Commit 1 on Fri Jan 23 21:10:02 UTC 2026
Commit 2 on Fri Jan 23 21:10:03 UTC 2026
Commit 3 on Fri Jan 23 21:10:04 UTC 2026
Commit 1 on Sat Jan 24 21:08:03 UTC 2026
Commit 2 on Sat Jan 24 21:08:03 UTC 2026
Commit 3 on Sat Jan 24 21:08:04 UTC 2026
Commit 1 on Sun Jan 25 21:08:42 UTC 2026
Commit 2 on Sun Jan 25 21:08:43 UTC 2026
Commit 3 on Sun Jan 25 21:08:44 UTC 2026
Commit 1 on Mon Jan 26 21:12:42 UTC 2026
Commit 2 on Mon Jan 26 21:12:43 UTC 2026
Commit 3 on Mon Jan 26 21:12:43 UTC 2026
Commit 1 on Tue Jan 27 21:08:10 UTC 2026
Commit 2 on Tue Jan 27 21:08:10 UTC 2026
Commit 3 on Tue Jan 27 21:08:11 UTC 2026
Commit 1 on Wed Jan 28 21:18:03 UTC 2026
Commit 2 on Wed Jan 28 21:18:04 UTC 2026
Commit 3 on Wed Jan 28 21:18:05 UTC 2026
Commit 1 on Thu Jan 29 21:15:25 UTC 2026
Commit 2 on Thu Jan 29 21:15:26 UTC 2026
Commit 3 on Thu Jan 29 21:15:26 UTC 2026
Commit 1 on Fri Jan 30 21:16:50 UTC 2026
Commit 2 on Fri Jan 30 21:16:50 UTC 2026
Commit 3 on Fri Jan 30 21:16:51 UTC 2026
Commit 1 on Sat Jan 31 21:10:25 UTC 2026
Commit 2 on Sat Jan 31 21:10:25 UTC 2026
Commit 3 on Sat Jan 31 21:10:26 UTC 2026
Commit 1 on Sun Feb  1 21:12:19 UTC 2026
Commit 2 on Sun Feb  1 21:12:20 UTC 2026
Commit 3 on Sun Feb  1 21:12:21 UTC 2026
Commit 1 on Tue Feb  3 21:22:18 UTC 2026
Commit 2 on Tue Feb  3 21:22:19 UTC 2026
Commit 3 on Tue Feb  3 21:22:20 UTC 2026
Commit 1 on Wed Feb  4 21:22:04 UTC 2026
Commit 2 on Wed Feb  4 21:22:05 UTC 2026
Commit 3 on Wed Feb  4 21:22:05 UTC 2026
Commit 1 on Thu Feb  5 21:17:29 UTC 2026
Commit 2 on Thu Feb  5 21:17:29 UTC 2026
Commit 3 on Thu Feb  5 21:17:30 UTC 2026
Commit 1 on Fri Feb  6 21:18:50 UTC 2026
